SEXO,VAGA CLASSIFICACAO,PONTUACAO,COLOCACAO,E,R,PCD,PPI,Q,CURSO,CAMPUS,GRAU,MODALIDADE,TURNO,ENTRADA
F,EPPI,666.49,6,Sim,Não,Não,Sim,Não,MEDICINA VETERINARIA,CASTANHAL,BACHARELADO,INTENSIVO,INTEGRAL,2
M,ERPPI,626.36,1,Sim,Sim,Não,Sim,Não,MEDICINA VETERINARIA,CASTANHAL,BACHARELADO,INTENSIVO,INTEGRAL,2
F,AC,721.20,9,Não,Não,Não,Não,Não,MEDICINA VETERINARIA,CASTANHAL,BACHARELADO,INTENSIVO,INTEGRAL,2
F,ERPPI,622.07,1,Sim,Sim,Não,Sim,Não,MEDICINA VETERINARIA,CASTANHAL,BACHARELADO,INTENSIVO,INTEGRAL,2
F,AC,732.93,5,Sim,Não,Não,Não,Não,MEDICINA VETERINARIA,CASTANHAL,BACHARELADO,INTENSIVO,INTEGRAL,2
M,ERPPI,629.24,6,Sim,Sim,Não,Sim,Não,MEDICINA VETERINARIA,CASTANHAL,BACHARELADO,INTENSIVO,INTEGRAL,2
F,AC,709.59,12,Sim,Não,Não,Não,Não,MEDICINA VETERINARIA,CASTANHAL,BACHARELADO,INTENSIVO,INTEGRAL,2
F,ERPPI,628.61,7,Sim,Sim,Não,Sim,Não,MEDICINA VETERINARIA,CASTANHAL,BACHARELADO,INTENSIVO,INTEGRAL,2
M,E,703.56,1,Sim,Sim,Não,Não,Não,MEDICINA VETERINARIA,CASTANHAL,BACHARELADO,INTENSIVO,INTEGRAL,2
F,EPPI,678.44,3,Sim,Sim,Não,Sim,Não,MEDICINA VETERINARIA,CASTANHAL,BACHARELADO,INTENSIVO,INTEGRAL,2
F,EPPI,672.83,5,Sim,Sim,Não,Sim,Não,MEDICINA VETERINARIA,CASTANHAL,BACHARELADO,INTENSIVO,INTEGRAL,2
F,ERPPI,656.94,2,Sim,Sim,Não,Sim,Não,MEDICINA VETERINARIA,CASTANHAL,BACHARELADO,INTENSIVO,INTEGRAL,2
M,ER,702.92,1,Sim,Sim,Não,Não,Não,MEDICINA VETERINARIA,CASTANHAL,BACHARELADO,INTENSIVO,INTEGRAL,2
M,AC,734.95,4,Não,Não,Não,Não,Não,MEDICINA VETERINARIA,CASTANHAL,BACHARELADO,INTENSIVO,INTEGRAL,2
F,ERPPI,637.87,4,Sim,Sim,Não,Sim,Não,MEDICINA VETERINARIA,CASTANHAL,BACHARELADO,INTENSIVO,INTEGRAL,2
M,ERPPI,639.25,3,Sim,Sim,Não,Sim,Não,MEDICINA VETERINARIA,CASTANHAL,BACHARELADO,INTENSIVO,INTEGRAL,2
F,AC,728.49,7,Sim,Não,Não,Não,Não,MEDICINA VETERINARIA,CASTANHAL,BACHARELADO,INTENSIVO,INTEGRAL,2
F,EPPI,677.40,4,Sim,Não,Não,Sim,Não,MEDICINA VETERINARIA,CASTANHAL,BACHARELADO,INTENSIVO,INTEGRAL,2
F,PCDA,683.91,1,Sim,Sim,Sim,Não,Não,MEDICINA VETERINARIA,CASTANHAL,BACHARELADO,INTENSIVO,INTEGRAL,2
M,EPPI,700.33,1,Sim,Sim,Não,Sim,Não,MEDICINA VETERINARIA,CASTANHAL,BACHARELADO,INTENSIVO,INTEGRAL,2
F,AC,730.40,6,Não,Não,Não,Não,Não,MEDICINA VETERINARIA,CASTANHAL,BACHARELADO,INTENSIVO,INTEGRAL,2
F,AC,728.46,8,Sim,Sim,Não,Não,Não,MEDICINA VETERINARIA,CASTANHAL,BACHARELADO,INTENSIVO,INTEGRAL,2
M,EPCD,578.38,1,Sim,Sim,Sim,Sim,Não,MEDICINA VETERINARIA,CASTANHAL,BACHARELADO,INTENSIVO,INTEGRAL,2
F,AC,712.05,10,Não,Não,Não,Não,Não,MEDICINA VETERINARIA,CASTANHAL,BACHARELADO,INTENSIVO,INTEGRAL,2
F,AC,759.75,2,Não,Não,Não,Não,Não,MEDICINA VETERINARIA,CASTANHAL,BACHARELADO,INTENSIVO,INTEGRAL,2
M,AC,744.77,3,Não,Não,Não,Não,Não,MEDICINA VETERINARIA,CASTANHAL,BACHARELADO,INTENSIVO,INTEGRAL,2
F,EPPI,687.28,2,Sim,Sim,Não,Sim,Não,MEDICINA VETERINARIA,CASTANHAL,BACHARELADO,INTENSIVO,INTEGRAL,2
M,AC,775.30,1,Não,Não,Não,Não,Não,MEDICINA VETERINARIA,CASTANHAL,BACHARELADO,INTENSIVO,INTEGRAL,2
F,ERPPI,657.27,1,Sim,Sim,Não,Sim,Não,MEDICINA VETERINARIA,CASTANHAL,BACHARELADO,INTENSIVO,INTEGRAL,2
F,ERPPI,632.26,5,Sim,Sim,Não,Sim,Não,MEDICINA VETERINARIA,CASTANHAL,BACHARELADO,INTENSIVO,INTEGRAL,2
F,AC,710.51,11,Sim,Sim,Não,Não,Não,MEDICINA VETERINARIA,CASTANHAL,BACHARELADO,INTENSIVO,INTEGRAL,2
F,AC,788.26,2,Não,Não,Não,Não,Não,MEDICINA VETERINARIA,CASTANHAL,BACHARELADO,EXTENSIVO,INTEGRAL,1
F,AC,758.05,13,Não,Não,Não,Não,Não,MEDICINA VETERINARIA,CASTANHAL,BACHARELADO,EXTENSIVO,INTEGRAL,1
F,E,753.46,1,Sim,Não,Não,Não,Não,MEDICINA VETERINARIA,CASTANHAL,BACHARELADO,EXTENSIVO,INTEGRAL,1
M,EPPI,719.38,1,Sim,Não,Não,Sim,Não,MEDICINA VETERINARIA,CASTANHAL,BACHARELADO,EXTENSIVO,INTEGRAL,1
F,ERPCD,599.85,1,Sim,Sim,Sim,Não,Não,MEDICINA VETERINARIA,CASTANHAL,BACHARELADO,EXTENSIVO,INTEGRAL,1
M,PCDA,683.19,1,Sim,Não,Sim,Sim,Não,MEDICINA VETERINARIA,CASTANHAL,BACHARELADO,EXTENSIVO,INTEGRAL,1
M,AC,761.88,11,Não,Não,Não,Não,Não,MEDICINA VETERINARIA,CASTANHAL,BACHARELADO,EXTENSIVO,INTEGRAL,1
F,ERPPI,664.33,9,Sim,Sim,Não,Sim,Não,MEDICINA VETERINARIA,CASTANHAL,BACHARELADO,EXTENSIVO,INTEGRAL,1
M,EPPI,694.41,6,Sim,Sim,Não,Sim,Não,MEDICINA VETERINARIA,CASTANHAL,BACHARELADO,EXTENSIVO,INTEGRAL,1
F,ERPPI,669.24,4,Sim,Sim,Não,Sim,Não,MEDICINA VETERINARIA,CASTANHAL,BACHARELADO,EXTENSIVO,INTEGRAL,1
F,EPPI,706.68,4,Sim,Não,Não,Sim,Não,MEDICINA VETERINARIA,CASTANHAL,BACHARELADO,EXTENSIVO,INTEGRAL,1
F,EPPI,702.66,5,Sim,Não,Não,Sim,Não,MEDICINA VETERINARIA,CASTANHAL,BACHARELADO,EXTENSIVO,INTEGRAL,1
F,ERPPI,668.16,6,Sim,Sim,Não,Sim,Não,MEDICINA VETERINARIA,CASTANHAL,BACHARELADO,EXTENSIVO,INTEGRAL,1
M,AC,766.26,8,Não,Não,Não,Não,Não,MEDICINA VETERINARIA,CASTANHAL,BACHARELADO,EXTENSIVO,INTEGRAL,1
M,AC,825.79,1,Não,Não,Não,Não,Não,MEDICINA VETERINARIA,CASTANHAL,BACHARELADO,EXTENSIVO,INTEGRAL,1
M,AC,764.08,10,Sim,Não,Não,Não,Não,MEDICINA VETERINARIA,CASTANHAL,BACHARELADO,EXTENSIVO,INTEGRAL,1
M,ERPPI,685.87,1,Sim,Sim,Não,Sim,Não,MEDICINA VETERINARIA,CASTANHAL,BACHARELADO,EXTENSIVO,INTEGRAL,1
F,ERQ,571.69,1,Sim,Sim,Não,Sim,Sim,MEDICINA VETERINARIA,CASTANHAL,BACHARELADO,EXTENSIVO,INTEGRAL,1
M,AC,755.57,16,Não,Não,Não,Não,Não,MEDICINA VETERINARIA,CASTANHAL,BACHARELADO,EXTENSIVO,INTEGRAL,1
F,ER,731.57,1,Sim,Sim,Não,Não,Não,MEDICINA VETERINARIA,CASTANHAL,BACHARELADO,EXTENSIVO,INTEGRAL,1
F,ERPPI,684.29,2,Sim,Sim,Não,Sim,Não,MEDICINA VETERINARIA,CASTANHAL,BACHARELADO,EXTENSIVO,INTEGRAL,1
F,AC,768.68,7,Não,Não,Não,Não,Não,MEDICINA VETERINARIA,CASTANHAL,BACHARELADO,EXTENSIVO,INTEGRAL,1
F,EPPI,690.87,8,Sim,Sim,Não,Sim,Não,MEDICINA VETERINARIA,CASTANHAL,BACHARELADO,EXTENSIVO,INTEGRAL,1
F,AC,756.95,15,Sim,Não,Não,Não,Não,MEDICINA VETERINARIA,CASTANHAL,BACHARELADO,EXTENSIVO,INTEGRAL,1
F,EPPI,689.79,9,Sim,Não,Não,Sim,Não,MEDICINA VETERINARIA,CASTANHAL,BACHARELADO,EXTENSIVO,INTEGRAL,1
F,AC,772.64,6,Não,Não,Não,Não,Não,MEDICINA VETERINARIA,CASTANHAL,BACHARELADO,EXTENSIVO,INTEGRAL,1
F,EPPI,711.99,2,Sim,Sim,Não,Sim,Não,MEDICINA VETERINARIA,CASTANHAL,BACHARELADO,EXTENSIVO,INTEGRAL,1
F,EPCD,635.91,1,Sim,Não,Sim,Não,Não,MEDICINA VETERINARIA,CASTANHAL,BACHARELADO,EXTENSIVO,INTEGRAL,1
M,AC,755.35,17,Não,Não,Não,Não,Não,MEDICINA VETERINARIA,CASTANHAL,BACHARELADO,EXTENSIVO,INTEGRAL,1
M,EPPI,710.01,3,Sim,Não,Não,Sim,Não,MEDICINA VETERINARIA,CASTANHAL,BACHARELADO,EXTENSIVO,INTEGRAL,1
F,ERPPI,667.70,7,Sim,Sim,Não,Sim,Não,MEDICINA VETERINARIA,CASTANHAL,BACHARELADO,EXTENSIVO,INTEGRAL,1
M,ERPPI,665.43,8,Sim,Sim,Não,Sim,Não,MEDICINA VETERINARIA,CASTANHAL,BACHARELADO,EXTENSIVO,INTEGRAL,1
F,ERPPI,668.23,5,Sim,Sim,Não,Sim,Não,MEDICINA VETERINARIA,CASTANHAL,BACHARELADO,EXTENSIVO,INTEGRAL,1
F,AC,777.15,4,Não,Não,Não,Não,Não,MEDICINA VETERINARIA,CASTANHAL,BACHARELADO,EXTENSIVO,INTEGRAL,1
M,EPPI,692.96,7,Sim,Sim,Não,Sim,Não,MEDICINA VETERINARIA,CASTANHAL,BACHARELADO,EXTENSIVO,INTEGRAL,1
F,AC,775.98,5,Não,Não,Não,Não,Não,MEDICINA VETERINARIA,CASTANHAL,BACHARELADO,EXTENSIVO,INTEGRAL,1
F,ERPPI,677.86,3,Sim,Sim,Não,Sim,Não,MEDICINA VETERINARIA,CASTANHAL,BACHARELADO,EXTENSIVO,INTEGRAL,1
M,AC,785.49,3,Não,Não,Não,Não,Não,MEDICINA VETERINARIA,CASTANHAL,BACHARELADO,EXTENSIVO,INTEGRAL,1
M,AC,756.98,14,Não,Não,Não,Não,Não,MEDICINA VETERINARIA,CASTANHAL,BACHARELADO,EXTENSIVO,INTEGRAL,1
F,AC,759.40,12,Não,Não,Não,Não,Não,MEDICINA VETERINARIA,CASTANHAL,BACHARELADO,EXTENSIVO,INTEGRAL,1
F,AC,766.13,9,Não,Não,Não,Não,Não,MEDICINA VETERINARIA,CASTANHAL,BACHARELADO,EXTENSIVO,INTEGRAL,1
M,AC,749.58,4,Sim,Sim,Não,Sim,Não,SISTEMA DE INFORMACAO,CASTANHAL,BACHARELADO,EXTENSIVO,VESPERTINO,1
M,EPPI,667.94,5,Sim,Não,Não,Sim,Não,SISTEMA DE INFORMACAO,CASTANHAL,BACHARELADO,EXTENSIVO,VESPERTINO,1
M,EPPI,669.42,3,Sim,Não,Não,Sim,Não,SISTEMA DE INFORMACAO,CASTANHAL,BACHARELADO,EXTENSIVO,VESPERTINO,1
F,EPPI,684.86,1,Sim,Não,Não,Sim,Não,SISTEMA DE INFORMACAO,CASTANHAL,BACHARELADO,EXTENSIVO,VESPERTINO,1
F,AC,745.49,9,Sim,Sim,Não,Não,Não,SISTEMA DE INFORMACAO,CASTANHAL,BACHARELADO,EXTENSIVO,VESPERTINO,1
M,AC,760.06,1,Sim,Não,Não,Não,Não,SISTEMA DE INFORMACAO,CASTANHAL,BACHARELADO,EXTENSIVO,VESPERTINO,1
M,ERPPI,601.39,8,Sim,Sim,Não,Sim,Não,SISTEMA DE INFORMACAO,CASTANHAL,BACHARELADO,EXTENSIVO,VESPERTINO,1
M,EPPI,684.53,2,Sim,Não,Não,Sim,Não,SISTEMA DE INFORMACAO,CASTANHAL,BACHARELADO,EXTENSIVO,VESPERTINO,1
F,ERQ,549.78,1,Sim,Sim,Não,Sim,Sim,SISTEMA DE INFORMACAO,CASTANHAL,BACHARELADO,EXTENSIVO,VESPERTINO,1
F,ERPPI,587.25,9,Sim,Sim,Não,Sim,Não,SISTEMA DE INFORMACAO,CASTANHAL,BACHARELADO,EXTENSIVO,VESPERTINO,1
M,ERPPI,640.82,2,Sim,Sim,Não,Sim,Não,SISTEMA DE INFORMACAO,CASTANHAL,BACHARELADO,EXTENSIVO,VESPERTINO,1
F,ER,698.24,1,Sim,Sim,Não,Não,Não,SISTEMA DE INFORMACAO,CASTANHAL,BACHARELADO,EXTENSIVO,VESPERTINO,1
M,AC,718.76,16,Não,Não,Não,Não,Não,SISTEMA DE INFORMACAO,CASTANHAL,BACHARELADO,EXTENSIVO,VESPERTINO,1
M,EPPI,668.62,4,Sim,Sim,Não,Sim,Não,SISTEMA DE INFORMACAO,CASTANHAL,BACHARELADO,EXTENSIVO,VESPERTINO,1
M,AC,746.92,8,Sim,Não,Não,Não,Não,SISTEMA DE INFORMACAO,CASTANHAL,BACHARELADO,EXTENSIVO,VESPERTINO,1
M,AC,716.14,17,Sim,Não,Não,Não,Não,SISTEMA DE INFORMACAO,CASTANHAL,BACHARELADO,EXTENSIVO,VESPERTINO,1
M,ERPPI,634.48,3,Sim,Sim,Não,Sim,Não,SISTEMA DE INFORMACAO,CASTANHAL,BACHARELADO,EXTENSIVO,VESPERTINO,1
M,E,710.53,1,Sim,Não,Não,Sim,Não,SISTEMA DE INFORMACAO,CASTANHAL,BACHARELADO,EXTENSIVO,VESPERTINO,1
M,EPPI,651.90,9,Sim,Não,Não,Sim,Não,SISTEMA DE INFORMACAO,CASTANHAL,BACHARELADO,EXTENSIVO,VESPERTINO,1
M,AC,731.37,13,Sim,Não,Sim,Não,Não,SISTEMA DE INFORMACAO,CASTANHAL,BACHARELADO,EXTENSIVO,VESPERTINO,1
M,AC,757.48,2,Não,Não,Não,Não,Não,SISTEMA DE INFORMACAO,CASTANHAL,BACHARELADO,EXTENSIVO,VESPERTINO,1
F,EPPI,657.07,8,Sim,Sim,Não,Sim,Não,SISTEMA DE INFORMACAO,CASTANHAL,BACHARELADO,EXTENSIVO,VESPERTINO,1
M,AC,733.66,12,Não,Não,Não,Não,Não,SISTEMA DE INFORMACAO,CASTANHAL,BACHARELADO,EXTENSIVO,VESPERTINO,1
F,ERPPI,627.18,5,Sim,Sim,Não,Sim,Não,SISTEMA DE INFORMACAO,CASTANHAL,BACHARELADO,EXTENSIVO,VESPERTINO,1
F,AC,748.13,7,Não,Não,Não,Não,Não,SISTEMA DE INFORMACAO,CASTANHAL,BACHARELADO,EXTENSIVO,VESPERTINO,1
M,AC,756.67,3,Sim,Sim,Não,Não,Não,SISTEMA DE INFORMACAO,CASTANHAL,BACHARELADO,EXTENSIVO,VESPERTINO,1
M,AC,728.53,15,Sim,Não,Sim,Sim,Não,SISTEMA DE INFORMACAO,CASTANHAL,BACHARELADO,EXTENSIVO,VESPERTINO,1
M,AC,744.24,10,Sim,Sim,Não,Não,Não,SISTEMA DE INFORMACAO,CASTANHAL,BACHARELADO,EXTENSIVO,VESPERTINO,1
M,EPCD,647.02,1,Sim,Sim,Sim,Sim,Não,SISTEMA DE INFORMACAO,CASTANHAL,BACHARELADO,EXTENSIVO,VESPERTINO,1
M,ERPPI,647.46,1,Sim,Sim,Não,Sim,Não,SISTEMA DE INFORMACAO,CASTANHAL,BACHARELADO,EXTENSIVO,VESPERTINO,1
M,EPPI,667.04,7,Sim,Sim,Não,Sim,Não,SISTEMA DE INFORMACAO,CASTANHAL,BACHARELADO,EXTENSIVO,VESPERTINO,1
F,ERPPI,623.26,6,Sim,Sim,Não,Sim,Não,SISTEMA DE INFORMACAO,CASTANHAL,BACHARELADO,EXTENSIVO,VESPERTINO,1
M,AC,730.64,14,Sim,Sim,Não,Não,Não,SISTEMA DE INFORMACAO,CASTANHAL,BACHARELADO,EXTENSIVO,VESPERTINO,1
M,AC,749.19,6,Sim,Sim,Não,Não,Não,SISTEMA DE INFORMACAO,CASTANHAL,BACHARELADO,EXTENSIVO,VESPERTINO,1
M,EPPI,667.41,6,Sim,Não,Não,Sim,Não,SISTEMA DE INFORMACAO,CASTANHAL,BACHARELADO,EXTENSIVO,VESPERTINO,1
F,AC,749.32,5,Não,Não,Não,Não,Não,SISTEMA DE INFORMACAO,CASTANHAL,BACHARELADO,EXTENSIVO,VESPERTINO,1
F,AC,736.78,11,Não,Não,Não,Não,Não,SISTEMA DE INFORMACAO,CASTANHAL,BACHARELADO,EXTENSIVO,VESPERTINO,1
M,PCDA,685.84,1,Não,Não,Sim,Não,Não,SISTEMA DE INFORMACAO,CASTANHAL,BACHARELADO,EXTENSIVO,VESPERTINO,1
F,ERPPI,628.94,4,Sim,Sim,Não,Sim,Não,SISTEMA DE INFORMACAO,CASTANHAL,BACHARELADO,EXTENSIVO,VESPERTINO,1
M,ERPPI,614.77,7,Sim,Sim,Não,Sim,Não,SISTEMA DE INFORMACAO,CASTANHAL,BACHARELADO,EXTENSIVO,VESPERTINO,1
M,ERPPI,578.64,1,Sim,Sim,Não,Sim,Não,SISTEMA DE INFORMACAO,CASTANHAL,BACHARELADO,EXTENSIVO,VESPERTINO,1
F,ERPPI,604.87,3,Sim,Sim,Não,Sim,Não,PEDAGOGIA,CASTANHAL,LICENCIATURA,EXTENSIVO,VESPERTINO,1
F,AC,717.97,4,Não,Não,Não,Não,Não,PEDAGOGIA,CASTANHAL,LICENCIATURA,EXTENSIVO,VESPERTINO,1
F,AC,684.93,11,Não,Não,Não,Não,Não,PEDAGOGIA,CASTANHAL,LICENCIATURA,EXTENSIVO,VESPERTINO,1
F,EPPI,665.35,2,Sim,Sim,Não,Sim,Não,PEDAGOGIA,CASTANHAL,LICENCIATURA,EXTENSIVO,VESPERTINO,1
M,ERPPI,601.90,5,Sim,Sim,Não,Sim,Não,PEDAGOGIA,CASTANHAL,LICENCIATURA,EXTENSIVO,VESPERTINO,1
F,ER,669.33,1,Sim,Sim,Não,Não,Não,PEDAGOGIA,CASTANHAL,LICENCIATURA,EXTENSIVO,VESPERTINO,1
M,AC,694.91,9,Sim,Sim,Não,Não,Não,PEDAGOGIA,CASTANHAL,LICENCIATURA,EXTENSIVO,VESPERTINO,1
F,AC,703.93,6,Não,Não,Não,Não,Não,PEDAGOGIA,CASTANHAL,LICENCIATURA,EXTENSIVO,VESPERTINO,1
F,ERPPI,596.79,9,Sim,Sim,Não,Sim,Não,PEDAGOGIA,CASTANHAL,LICENCIATURA,EXTENSIVO,VESPERTINO,1
F,AC,686.07,10,Não,Não,Não,Não,Não,PEDAGOGIA,CASTANHAL,LICENCIATURA,EXTENSIVO,VESPERTINO,1
M,EPCD,543.33,1,Sim,Sim,Sim,Não,Não,PEDAGOGIA,CASTANHAL,LICENCIATURA,EXTENSIVO,VESPERTINO,1
F,E,671.31,1,Sim,Não,Não,Não,Não,PEDAGOGIA,CASTANHAL,LICENCIATURA,EXTENSIVO,VESPERTINO,1
F,ERPPI,625.06,2,Sim,Sim,Não,Sim,Não,PEDAGOGIA,CASTANHAL,LICENCIATURA,EXTENSIVO,VESPERTINO,1
F,EPPI,643.76,6,Sim,Sim,Não,Sim,Não,PEDAGOGIA,CASTANHAL,LICENCIATURA,EXTENSIVO,VESPERTINO,1
F,AC,672.50,16,Sim,Não,Não,Sim,Não,PEDAGOGIA,CASTANHAL,LICENCIATURA,EXTENSIVO,VESPERTINO,1
F,EPPI,652.30,3,Sim,Não,Não,Sim,Não,PEDAGOGIA,CASTANHAL,LICENCIATURA,EXTENSIVO,VESPERTINO,1
F,ERPPI,626.78,1,Sim,Sim,Não,Sim,Não,PEDAGOGIA,CASTANHAL,LICENCIATURA,EXTENSIVO,VESPERTINO,1
F,EPPI,638.95,7,Sim,Não,Não,Sim,Não,PEDAGOGIA,CASTANHAL,LICENCIATURA,EXTENSIVO,VESPERTINO,1
F,EPPI,644.23,5,Sim,Não,Não,Sim,Não,PEDAGOGIA,CASTANHAL,LICENCIATURA,EXTENSIVO,VESPERTINO,1
M,AC,739.16,2,Sim,Não,Não,Não,Não,PEDAGOGIA,CASTANHAL,LICENCIATURA,EXTENSIVO,VESPERTINO,1
F,ERPPI,601.17,6,Sim,Sim,Não,Sim,Não,PEDAGOGIA,CASTANHAL,LICENCIATURA,EXTENSIVO,VESPERTINO,1
F,AC,676.68,14,Sim,Sim,Não,Não,Não,PEDAGOGIA,CASTANHAL,LICENCIATURA,EXTENSIVO,VESPERTINO,1
F,EPPI,631.64,9,Sim,Sim,Não,Sim,Não,PEDAGOGIA,CASTANHAL,LICENCIATURA,EXTENSIVO,VESPERTINO,1
M,ERPPI,599.68,7,Sim,Sim,Não,Sim,Não,PEDAGOGIA,CASTANHAL,LICENCIATURA,EXTENSIVO,VESPERTINO,1
F,AC,674.26,15,Sim,Sim,Não,Não,Não,PEDAGOGIA,CASTANHAL,LICENCIATURA,EXTENSIVO,VESPERTINO,1
F,AC,716.28,5,Sim,Não,Não,Não,Não,PEDAGOGIA,CASTANHAL,LICENCIATURA,EXTENSIVO,VESPERTINO,1
F,AC,677.53,13,Sim,Não,Não,Sim,Não,PEDAGOGIA,CASTANHAL,LICENCIATURA,EXTENSIVO,VESPERTINO,1
F,EPPI,665.43,1,Sim,Sim,Não,Sim,Não,PEDAGOGIA,CASTANHAL,LICENCIATURA,EXTENSIVO,VESPERTINO,1
F,AC,728.82,3,Sim,Sim,Não,Sim,Não,PEDAGOGIA,CASTANHAL,LICENCIATURA,EXTENSIVO,VESPERTINO,1
F,ERQ,618.13,1,Sim,Sim,Não,Não,Sim,PEDAGOGIA,CASTANHAL,LICENCIATURA,EXTENSIVO,VESPERTINO,1
F,ERPPI,599.65,8,Sim,Sim,Não,Sim,Não,PEDAGOGIA,CASTANHAL,LICENCIATURA,EXTENSIVO,VESPERTINO,1
F,AC,671.55,17,Sim,Sim,Não,Sim,Não,PEDAGOGIA,CASTANHAL,LICENCIATURA,EXTENSIVO,VESPERTINO,1
F,PCDA,560.54,1,Sim,Sim,Sim,Sim,Não,PEDAGOGIA,CASTANHAL,LICENCIATURA,EXTENSIVO,VESPERTINO,1
M,EPPI,650.36,4,Sim,Sim,Não,Sim,Não,PEDAGOGIA,CASTANHAL,LICENCIATURA,EXTENSIVO,VESPERTINO,1
F,AC,702.09,7,Sim,Sim,Não,Não,Não,PEDAGOGIA,CASTANHAL,LICENCIATURA,EXTENSIVO,VESPERTINO,1
F,EPPI,634.90,8,Sim,Não,Não,Sim,Não,PEDAGOGIA,CASTANHAL,LICENCIATURA,EXTENSIVO,VESPERTINO,1
F,ERPPI,595.58,1,Sim,Sim,Não,Sim,Não,PEDAGOGIA,CASTANHAL,LICENCIATURA,EXTENSIVO,VESPERTINO,1
F,ERPPI,603.55,4,Sim,Sim,Não,Sim,Não,PEDAGOGIA,CASTANHAL,LICENCIATURA,EXTENSIVO,VESPERTINO,1
F,AC,700.17,8,Sim,Não,Não,Sim,Não,PEDAGOGIA,CASTANHAL,LICENCIATURA,EXTENSIVO,VESPERTINO,1
F,AC,757.50,1,Sim,Não,Não,Não,Não,PEDAGOGIA,CASTANHAL,LICENCIATURA,EXTENSIVO,VESPERTINO,1
F,AC,678.19,12,Sim,Não,Não,Sim,Não,PEDAGOGIA,CASTANHAL,LICENCIATURA,EXTENSIVO,VESPERTINO,1
F,AC,498.56,2,Não,Não,Não,Não,Não,PEDAGOGIA,CASTANHAL SAO CAETANO DE ODIVELAS,LICENCIATURA,INTENSIVO,INTEGRAL,2
F,E,571.41,1,Sim,Sim,Não,Não,Não,PEDAGOGIA,CASTANHAL SAO CAETANO DE ODIVELAS,LICENCIATURA,INTENSIVO,INTEGRAL,2
F,AC,646.87,4,Sim,Não,Não,Não,Não,PEDAGOGIA,CASTANHAL SAO CAETANO DE ODIVELAS,LICENCIATURA,INTENSIVO,INTEGRAL,2
F,AC,666.53,2,Sim,Não,Não,Sim,Não,PEDAGOGIA,CASTANHAL SAO CAETANO DE ODIVELAS,LICENCIATURA,INTENSIVO,INTEGRAL,2
M,EPPI,561.20,1,Sim,Sim,Não,Sim,Não,PEDAGOGIA,CASTANHAL SAO CAETANO DE ODIVELAS,LICENCIATURA,INTENSIVO,INTEGRAL,2
F,AC,614.42,9,Sim,Sim,Não,Não,Não,PEDAGOGIA,CASTANHAL SAO CAETANO DE ODIVELAS,LICENCIATURA,INTENSIVO,INTEGRAL,2
F,ER,511.13,5,Sim,Sim,Não,Não,Não,PEDAGOGIA,CASTANHAL SAO CAETANO DE ODIVELAS,LICENCIATURA,INTENSIVO,INTEGRAL,2
F,E,557.63,8,Sim,Não,Não,Não,Não,PEDAGOGIA,CASTANHAL SAO CAETANO DE ODIVELAS,LICENCIATURA,INTENSIVO,INTEGRAL,2
M,PCDA,568.83,1,Sim,Sim,Sim,Sim,Não,PEDAGOGIA,CASTANHAL SAO CAETANO DE ODIVELAS,LICENCIATURA,INTENSIVO,INTEGRAL,2
M,AC,661.78,3,Sim,Sim,Não,Sim,Não,PEDAGOGIA,CASTANHAL SAO CAETANO DE ODIVELAS,LICENCIATURA,INTENSIVO,INTEGRAL,2
F,EPPI,505.93,6,Sim,Sim,Não,Sim,Não,PEDAGOGIA,CASTANHAL SAO CAETANO DE ODIVELAS,LICENCIATURA,INTENSIVO,INTEGRAL,2
F,ER,526.64,4,Sim,Sim,Não,Não,Não,PEDAGOGIA,CASTANHAL SAO CAETANO DE ODIVELAS,LICENCIATURA,INTENSIVO,INTEGRAL,2
F,AC,574.02,16,Sim,Sim,Não,Não,Não,PEDAGOGIA,CASTANHAL SAO CAETANO DE ODIVELAS,LICENCIATURA,INTENSIVO,INTEGRAL,2
F,AC,673.49,1,Sim,Sim,Não,Não,Não,PEDAGOGIA,CASTANHAL SAO CAETANO DE ODIVELAS,LICENCIATURA,INTENSIVO,INTEGRAL,2
F,AC,542.59,1,Não,Não,Não,Não,Não,PEDAGOGIA,CASTANHAL SAO CAETANO DE ODIVELAS,LICENCIATURA,INTENSIVO,INTEGRAL,2
M,AC,618.68,7,Sim,Não,Não,Não,Não,PEDAGOGIA,CASTANHAL SAO CAETANO DE ODIVELAS,LICENCIATURA,INTENSIVO,INTEGRAL,2
M,AC,632.68,5,Sim,Sim,Não,Não,Não,PEDAGOGIA,CASTANHAL SAO CAETANO DE ODIVELAS,LICENCIATURA,INTENSIVO,INTEGRAL,2
M,AC,615.63,8,Sim,Sim,Não,Não,Não,PEDAGOGIA,CASTANHAL SAO CAETANO DE ODIVELAS,LICENCIATURA,INTENSIVO,INTEGRAL,2
M,AC,572.20,17,Sim,Sim,Não,Não,Não,PEDAGOGIA,CASTANHAL SAO CAETANO DE ODIVELAS,LICENCIATURA,INTENSIVO,INTEGRAL,2
M,EPPI,535.85,2,Sim,Sim,Não,Sim,Não,PEDAGOGIA,CASTANHAL SAO CAETANO DE ODIVELAS,LICENCIATURA,INTENSIVO,INTEGRAL,2
F,EPPI,530.11,3,Sim,Sim,Não,Sim,Não,PEDAGOGIA,CASTANHAL SAO CAETANO DE ODIVELAS,LICENCIATURA,INTENSIVO,INTEGRAL,2
F,AC,584.45,14,Sim,Não,Não,Não,Não,PEDAGOGIA,CASTANHAL SAO CAETANO DE ODIVELAS,LICENCIATURA,INTENSIVO,INTEGRAL,2
F,AC,482.70,3,Não,Não,Não,Não,Não,PEDAGOGIA,CASTANHAL SAO CAETANO DE ODIVELAS,LICENCIATURA,INTENSIVO,INTEGRAL,2
F,ER,552.79,1,Sim,Sim,Não,Não,Não,PEDAGOGIA,CASTANHAL SAO CAETANO DE ODIVELAS,LICENCIATURA,INTENSIVO,INTEGRAL,2
M,AC,579.39,15,Sim,Sim,Não,Sim,Não,PEDAGOGIA,CASTANHAL SAO CAETANO DE ODIVELAS,LICENCIATURA,INTENSIVO,INTEGRAL,2
M,AC,534.08,1,Não,Não,Não,Não,Não,PEDAGOGIA,CASTANHAL SAO CAETANO DE ODIVELAS,LICENCIATURA,INTENSIVO,INTEGRAL,2
M,AC,595.43,12,Sim,Sim,Não,Não,Não,PEDAGOGIA,CASTANHAL SAO CAETANO DE ODIVELAS,LICENCIATURA,INTENSIVO,INTEGRAL,2
F,E,546.85,9,Sim,Não,Não,Não,Não,PEDAGOGIA,CASTANHAL SAO CAETANO DE ODIVELAS,LICENCIATURA,INTENSIVO,INTEGRAL,2
F,EPPI,524.72,4,Sim,Sim,Não,Sim,Não,PEDAGOGIA,CASTANHAL SAO CAETANO DE ODIVELAS,LICENCIATURA,INTENSIVO,INTEGRAL,2
F,ER,527.87,3,Sim,Sim,Não,Não,Não,PEDAGOGIA,CASTANHAL SAO CAETANO DE ODIVELAS,LICENCIATURA,INTENSIVO,INTEGRAL,2
F,E,537.61,1,Sim,Não,Não,Não,Não,PEDAGOGIA,CASTANHAL SAO CAETANO DE ODIVELAS,LICENCIATURA,INTENSIVO,INTEGRAL,2
F,E,567.53,6,Sim,Não,Não,Não,Não,PEDAGOGIA,CASTANHAL SAO CAETANO DE ODIVELAS,LICENCIATURA,INTENSIVO,INTEGRAL,2
F,EPPI,521.27,5,Sim,Sim,Não,Sim,Não,PEDAGOGIA,CASTANHAL SAO CAETANO DE ODIVELAS,LICENCIATURA,INTENSIVO,INTEGRAL,2
F,E,559.16,7,Sim,Não,Não,Não,Não,PEDAGOGIA,CASTANHAL SAO CAETANO DE ODIVELAS,LICENCIATURA,INTENSIVO,INTEGRAL,2
F,AC,619.65,6,Sim,Sim,Não,Não,Não,PEDAGOGIA,CASTANHAL SAO CAETANO DE ODIVELAS,LICENCIATURA,INTENSIVO,INTEGRAL,2
F,AC,598.00,11,Sim,Não,Não,Não,Não,PEDAGOGIA,CASTANHAL SAO CAETANO DE ODIVELAS,LICENCIATURA,INTENSIVO,INTEGRAL,2
F,AC,603.26,10,Sim,Sim,Não,Não,Não,PEDAGOGIA,CASTANHAL SAO CAETANO DE ODIVELAS,LICENCIATURA,INTENSIVO,INTEGRAL,2
M,ER,535.19,1,Sim,Sim,Não,Não,Não,PEDAGOGIA,CASTANHAL SAO CAETANO DE ODIVELAS,LICENCIATURA,INTENSIVO,INTEGRAL,2
M,ER,529.43,2,Sim,Sim,Não,Não,Não,PEDAGOGIA,CASTANHAL SAO CAETANO DE ODIVELAS,LICENCIATURA,INTENSIVO,INTEGRAL,2
F,AC,594.75,13,Sim,Sim,Não,Não,Não,PEDAGOGIA,CASTANHAL SAO CAETANO DE ODIVELAS,LICENCIATURA,INTENSIVO,INTEGRAL,2
F,E,562.36,3,Sim,Não,Não,Não,Não,MATEMATICA,CASTANHAL,LICENCIATURA,EXTENSIVO,VESPERTINO,1
F,AC,636.99,13,Sim,Não,Não,Sim,Não,MATEMATICA,CASTANHAL,LICENCIATURA,EXTENSIVO,VESPERTINO,1
F,E,621.28,1,Sim,Não,Não,Não,Não,MATEMATICA,CASTANHAL,LICENCIATURA,EXTENSIVO,VESPERTINO,1
F,EPPI,589.01,2,Sim,Não,Não,Sim,Não,MATEMATICA,CASTANHAL,LICENCIATURA,EXTENSIVO,VESPERTINO,1
F,ER,601.50,2,Sim,Sim,Não,Não,Não,MATEMATICA,CASTANHAL,LICENCIATURA,EXTENSIVO,VESPERTINO,1
M,AC,631.62,16,Sim,Não,Não,Não,Não,MATEMATICA,CASTANHAL,LICENCIATURA,EXTENSIVO,VESPERTINO,1
M,AC,681.71,3,Sim,Sim,Não,Sim,Não,MATEMATICA,CASTANHAL,LICENCIATURA,EXTENSIVO,VESPERTINO,1
M,AC,632.41,15,Não,Não,Não,Não,Não,MATEMATICA,CASTANHAL,LICENCIATURA,EXTENSIVO,VESPERTINO,1
M,ER,555.61,7,Sim,Sim,Não,Não,Não,MATEMATICA,CASTANHAL,LICENCIATURA,EXTENSIVO,VESPERTINO,1
M,EPPI,587.62,3,Sim,Não,Não,Sim,Não,MATEMATICA,CASTANHAL,LICENCIATURA,EXTENSIVO,VESPERTINO,1
F,AC,651.18,7,Sim,Não,Não,Não,Não,MATEMATICA,CASTANHAL,LICENCIATURA,EXTENSIVO,VESPERTINO,1
M,E,614.61,2,Sim,Não,Não,Não,Não,MATEMATICA,CASTANHAL,LICENCIATURA,EXTENSIVO,VESPERTINO,1
F,AC,639.39,11,Sim,Não,Não,Não,Não,MATEMATICA,CASTANHAL,LICENCIATURA,EXTENSIVO,VESPERTINO,1
M,AC,631.40,17,Sim,Não,Não,Não,Não,MATEMATICA,CASTANHAL,LICENCIATURA,EXTENSIVO,VESPERTINO,1
M,ER,576.80,5,Sim,Sim,Não,Não,Não,MATEMATICA,CASTANHAL,LICENCIATURA,EXTENSIVO,VESPERTINO,1
M,AC,643.04,9,Sim,Não,Não,Sim,Não,MATEMATICA,CASTANHAL,LICENCIATURA,EXTENSIVO,VESPERTINO,1
F,ER,553.10,8,Sim,Sim,Não,Não,Não,MATEMATICA,CASTANHAL,LICENCIATURA,EXTENSIVO,VESPERTINO,1
M,AC,634.66,14,Sim,Sim,Não,Não,Não,MATEMATICA,CASTANHAL,LICENCIATURA,EXTENSIVO,VESPERTINO,1
F,ER,567.27,6,Sim,Sim,Não,Não,Não,MATEMATICA,CASTANHAL,LICENCIATURA,EXTENSIVO,VESPERTINO,1
M,ER,584.19,4,Sim,Sim,Não,Não,Não,MATEMATICA,CASTANHAL,LICENCIATURA,EXTENSIVO,VESPERTINO,1
M,AC,679.43,5,Sim,Sim,Não,Não,Não,MATEMATICA,CASTANHAL,LICENCIATURA,EXTENSIVO,VESPERTINO,1
F,ER,617.21,1,Sim,Sim,Não,Não,Não,MATEMATICA,CASTANHAL,LICENCIATURA,EXTENSIVO,VESPERTINO,1
F,ER,535.94,1,Sim,Sim,Não,Não,Não,MATEMATICA,CASTANHAL,LICENCIATURA,EXTENSIVO,VESPERTINO,1
M,ER,542.43,9,Sim,Sim,Não,Não,Não,MATEMATICA,CASTANHAL,LICENCIATURA,EXTENSIVO,VESPERTINO,1
M,E,559.24,4,Sim,Não,Não,Não,Não,MATEMATICA,CASTANHAL,LICENCIATURA,EXTENSIVO,VESPERTINO,1
F,AC,637.43,12,Não,Não,Não,Não,Não,MATEMATICA,CASTANHAL,LICENCIATURA,EXTENSIVO,VESPERTINO,1
F,EPPI,515.77,5,Sim,Sim,Não,Sim,Não,MATEMATICA,CASTANHAL,LICENCIATURA,EXTENSIVO,VESPERTINO,1
F,ER,586.78,3,Sim,Sim,Não,Não,Não,MATEMATICA,CASTANHAL,LICENCIATURA,EXTENSIVO,VESPERTINO,1
M,EPPI,569.25,4,Sim,Sim,Não,Sim,Não,MATEMATICA,CASTANHAL,LICENCIATURA,EXTENSIVO,VESPERTINO,1
F,AC,648.76,8,Sim,Sim,Não,Não,Não,MATEMATICA,CASTANHAL,LICENCIATURA,EXTENSIVO,VESPERTINO,1
F,AC,684.16,1,Sim,Não,Não,Não,Não,MATEMATICA,CASTANHAL,LICENCIATURA,EXTENSIVO,VESPERTINO,1
F,ER,532.58,1,Sim,Sim,Não,Não,Não,MATEMATICA,CASTANHAL,LICENCIATURA,EXTENSIVO,VESPERTINO,1
M,PCDA,598.64,1,Sim,Sim,Sim,Sim,Não,MATEMATICA,CASTANHAL,LICENCIATURA,EXTENSIVO,VESPERTINO,1
M,E,622.18,1,Sim,Sim,Não,Não,Não,MATEMATICA,CASTANHAL,LICENCIATURA,EXTENSIVO,VESPERTINO,1
F,E,531.87,1,Sim,Não,Não,Não,Não,MATEMATICA,CASTANHAL,LICENCIATURA,EXTENSIVO,VESPERTINO,1
F,AC,680.39,4,Sim,Sim,Não,Não,Não,MATEMATICA,CASTANHAL,LICENCIATURA,EXTENSIVO,VESPERTINO,1
F,AC,640.13,10,Sim,Sim,Não,Não,Não,MATEMATICA,CASTANHAL,LICENCIATURA,EXTENSIVO,VESPERTINO,1
M,AC,683.47,2,Sim,Sim,Não,Não,Não,MATEMATICA,CASTANHAL,LICENCIATURA,EXTENSIVO,VESPERTINO,1
F,EPPI,598.71,1,Sim,Sim,Não,Sim,Sim,MATEMATICA,CASTANHAL,LICENCIATURA,EXTENSIVO,VESPERTINO,1
M,ER,608.98,1,Sim,Sim,Não,Não,Não,MATEMATICA,CASTANHAL,LICENCIATURA,EXTENSIVO,VESPERTINO,1
M,AC,671.79,6,Sim,Sim,Não,Não,Não,MATEMATICA,CASTANHAL,LICENCIATURA,EXTENSIVO,VESPERTINO,1
M,ERPPI,550.86,4,Sim,Sim,Não,Sim,Não,MATEMATICA,CASTANHAL,LICENCIATURA,EXTENSIVO,MATUTINO,1
M,AC,790.09,1,Sim,Sim,Não,Não,Não,MATEMATICA,CASTANHAL,LICENCIATURA,EXTENSIVO,MATUTINO,1
M,ERPPI,570.28,1,Sim,Sim,Não,Sim,Não,MATEMATICA,CASTANHAL,LICENCIATURA,EXTENSIVO,MATUTINO,1
F,EPPI,592.99,6,Sim,Sim,Não,Sim,Não,MATEMATICA,CASTANHAL,LICENCIATURA,EXTENSIVO,MATUTINO,1
M,EPPI,659.82,1,Sim,Sim,Não,Sim,Não,MATEMATICA,CASTANHAL,LICENCIATURA,EXTENSIVO,MATUTINO,1
M,ERPPI,569.12,2,Sim,Sim,Não,Sim,Não,MATEMATICA,CASTANHAL,LICENCIATURA,EXTENSIVO,MATUTINO,1
M,AC,692.21,11,Sim,Não,Não,Não,Não,MATEMATICA,CASTANHAL,LICENCIATURA,EXTENSIVO,MATUTINO,1
M,AC,728.31,3,Sim,Sim,Não,Sim,Não,MATEMATICA,CASTANHAL,LICENCIATURA,EXTENSIVO,MATUTINO,1
F,AC,699.97,8,Sim,Sim,Não,Não,Não,MATEMATICA,CASTANHAL,LICENCIATURA,EXTENSIVO,MATUTINO,1
M,AC,678.46,13,Sim,Não,Não,Sim,Não,MATEMATICA,CASTANHAL,LICENCIATURA,EXTENSIVO,MATUTINO,1
M,AC,752.88,2,Não,Não,Não,Não,Não,MATEMATICA,CASTANHAL,LICENCIATURA,EXTENSIVO,MATUTINO,1
M,AC,700.11,7,Não,Não,Não,Não,Não,MATEMATICA,CASTANHAL,LICENCIATURA,EXTENSIVO,MATUTINO,1
F,EPPI,625.02,3,Sim,Sim,Não,Sim,Não,MATEMATICA,CASTANHAL,LICENCIATURA,EXTENSIVO,MATUTINO,1
F,AC,666.40,16,Sim,Sim,Não,Sim,Não,MATEMATICA,CASTANHAL,LICENCIATURA,EXTENSIVO,MATUTINO,1
M,ER,617.67,1,Sim,Sim,Não,Não,Não,MATEMATICA,CASTANHAL,LICENCIATURA,EXTENSIVO,MATUTINO,1
F,EPPI,583.33,9,Sim,Não,Não,Sim,Não,MATEMATICA,CASTANHAL,LICENCIATURA,EXTENSIVO,MATUTINO,1
F,ERQ,556.05,1,Sim,Sim,Não,Sim,Sim,MATEMATICA,CASTANHAL,LICENCIATURA,EXTENSIVO,MATUTINO,1
F,AC,664.00,17,Sim,Não,Não,Não,Não,MATEMATICA,CASTANHAL,LICENCIATURA,EXTENSIVO,MATUTINO,1
M,PCDA,587.82,1,Sim,Sim,Sim,Sim,Não,MATEMATICA,CASTANHAL,LICENCIATURA,EXTENSIVO,MATUTINO,1
M,AC,673.22,15,Sim,Sim,Não,Não,Não,MATEMATICA,CASTANHAL,LICENCIATURA,EXTENSIVO,MATUTINO,1
M,ERPPI,552.64,3,Sim,Sim,Não,Sim,Não,MATEMATICA,CASTANHAL,LICENCIATURA,EXTENSIVO,MATUTINO,1
M,AC,723.01,4,Não,Não,Não,Não,Não,MATEMATICA,CASTANHAL,LICENCIATURA,EXTENSIVO,MATUTINO,1
M,EPPI,590.00,7,Sim,Não,Não,Sim,Não,MATEMATICA,CASTANHAL,LICENCIATURA,EXTENSIVO,MATUTINO,1
M,AC,720.46,5,Sim,Não,Não,Sim,Não,MATEMATICA,CASTANHAL,LICENCIATURA,EXTENSIVO,MATUTINO,1
F,ER,644.34,2,Sim,Sim,Não,Não,Não,MATEMATICA,CASTANHAL,LICENCIATURA,EXTENSIVO,MATUTINO,1
F,ER,659.91,1,Sim,Sim,Não,Não,Não,MATEMATICA,CASTANHAL,LICENCIATURA,EXTENSIVO,MATUTINO,1
M,AC,692.78,9,Sim,Sim,Não,Sim,Não,MATEMATICA,CASTANHAL,LICENCIATURA,EXTENSIVO,MATUTINO,1
M,AC,712.34,6,Sim,Sim,Não,Não,Não,MATEMATICA,CASTANHAL,LICENCIATURA,EXTENSIVO,MATUTINO,1
F,EPPI,659.54,2,Sim,Sim,Não,Sim,Não,MATEMATICA,CASTANHAL,LICENCIATURA,EXTENSIVO,MATUTINO,1
F,AC,692.25,10,Sim,Sim,Não,Sim,Não,MATEMATICA,CASTANHAL,LICENCIATURA,EXTENSIVO,MATUTINO,1
M,EPPI,623.72,4,Sim,Sim,Não,Sim,Não,MATEMATICA,CASTANHAL,LICENCIATURA,EXTENSIVO,MATUTINO,1
M,ER,627.66,3,Sim,Sim,Não,Não,Não,MATEMATICA,CASTANHAL,LICENCIATURA,EXTENSIVO,MATUTINO,1
M,AC,675.66,14,Sim,Sim,Não,Não,Não,MATEMATICA,CASTANHAL,LICENCIATURA,EXTENSIVO,MATUTINO,1
M,ER,617.74,1,Sim,Sim,Não,Não,Não,MATEMATICA,CASTANHAL,LICENCIATURA,EXTENSIVO,MATUTINO,1
F,AC,689.99,12,Não,Não,Não,Não,Não,MATEMATICA,CASTANHAL,LICENCIATURA,EXTENSIVO,MATUTINO,1
M,ER,624.65,4,Sim,Sim,Não,Não,Não,MATEMATICA,CASTANHAL,LICENCIATURA,EXTENSIVO,MATUTINO,1
M,EPPI,610.30,5,Sim,Sim,Não,Sim,Não,MATEMATICA,CASTANHAL,LICENCIATURA,EXTENSIVO,MATUTINO,1
F,ER,620.66,5,Sim,Sim,Não,Não,Não,MATEMATICA,CASTANHAL,LICENCIATURA,EXTENSIVO,MATUTINO,1
F,EPPI,589.09,8,Sim,Não,Não,Sim,Não,MATEMATICA,CASTANHAL,LICENCIATURA,EXTENSIVO,MATUTINO,1
M,ER,650.39,1,Sim,Sim,Não,Não,Não,MATEMATICA,CASTANHAL,LICENCIATURA,EXTENSIVO,MATUTINO,1
M,E,662.79,1,Sim,Sim,Não,Sim,Não,MATEMATICA,CASTANHAL,LICENCIATURA,EXTENSIVO,MATUTINO,1
F,AC,702.68,4,Sim,Sim,Não,Não,Não,LETRAS PORTUGUES,CASTANHAL,LICENCIATURA,EXTENSIVO,NOTURNO,2
F,ERPPI,573.19,1,Sim,Sim,Não,Sim,Não,LETRAS PORTUGUES,CASTANHAL,LICENCIATURA,EXTENSIVO,NOTURNO,2
F,EPPI,630.85,8,Sim,Sim,Não,Sim,Não,LETRAS PORTUGUES,CASTANHAL,LICENCIATURA,EXTENSIVO,NOTURNO,2
F,AC,692.58,9,Não,Não,Não,Não,Não,LETRAS PORTUGUES,CASTANHAL,LICENCIATURA,EXTENSIVO,NOTURNO,2
F,AC,678.30,17,Sim,Sim,Não,Não,Não,LETRAS PORTUGUES,CASTANHAL,LICENCIATURA,EXTENSIVO,NOTURNO,2
M,AC,680.61,15,Sim,Sim,Não,Sim,Não,LETRAS PORTUGUES,CASTANHAL,LICENCIATURA,EXTENSIVO,NOTURNO,2
F,ERPPI,585.82,5,Sim,Sim,Não,Sim,Não,LETRAS PORTUGUES,CASTANHAL,LICENCIATURA,EXTENSIVO,NOTURNO,2
F,ERPPI,595.91,3,Sim,Sim,Não,Sim,Não,LETRAS PORTUGUES,CASTANHAL,LICENCIATURA,EXTENSIVO,NOTURNO,2
F,E,676.57,1,Sim,Não,Não,Não,Não,LETRAS PORTUGUES,CASTANHAL,LICENCIATURA,EXTENSIVO,NOTURNO,2
F,AC,678.59,16,Sim,Sim,Não,Não,Não,LETRAS PORTUGUES,CASTANHAL,LICENCIATURA,EXTENSIVO,NOTURNO,2
F,EPPI,632.02,7,Sim,Sim,Não,Sim,Não,LETRAS PORTUGUES,CASTANHAL,LICENCIATURA,EXTENSIVO,NOTURNO,2
F,AC,687.46,11,Não,Não,Não,Não,Não,LETRAS PORTUGUES,CASTANHAL,LICENCIATURA,EXTENSIVO,NOTURNO,2
M,ER,669.09,1,Sim,Sim,Não,Não,Não,LETRAS PORTUGUES,CASTANHAL,LICENCIATURA,EXTENSIVO,NOTURNO,2
F,ERPPI,580.36,7,Sim,Sim,Não,Sim,Não,LETRAS PORTUGUES,CASTANHAL,LICENCIATURA,EXTENSIVO,NOTURNO,2
F,EPPI,617.21,9,Sim,Não,Não,Sim,Não,LETRAS PORTUGUES,CASTANHAL,LICENCIATURA,EXTENSIVO,NOTURNO,2
F,AC,683.74,13,Sim,Sim,Não,Sim,Não,LETRAS PORTUGUES,CASTANHAL,LICENCIATURA,EXTENSIVO,NOTURNO,2
F,ERPPI,574.07,1,Sim,Sim,Não,Sim,Não,LETRAS PORTUGUES,CASTANHAL,LICENCIATURA,EXTENSIVO,NOTURNO,2
F,AC,717.31,2,Não,Não,Não,Não,Não,LETRAS PORTUGUES,CASTANHAL,LICENCIATURA,EXTENSIVO,NOTURNO,2
F,AC,740.76,1,Não,Não,Não,Não,Não,LETRAS PORTUGUES,CASTANHAL,LICENCIATURA,EXTENSIVO,NOTURNO,2
M,ERPPI,580.45,6,Sim,Sim,Não,Sim,Não,LETRAS PORTUGUES,CASTANHAL,LICENCIATURA,EXTENSIVO,NOTURNO,2
M,EPPI,675.62,2,Sim,Não,Não,Sim,Não,LETRAS PORTUGUES,CASTANHAL,LICENCIATURA,EXTENSIVO,NOTURNO,2
F,ERPPI,616.00,1,Sim,Sim,Não,Sim,Não,LETRAS PORTUGUES,CASTANHAL,LICENCIATURA,EXTENSIVO,NOTURNO,2
F,AC,699.51,7,Sim,Não,Não,Não,Não,LETRAS PORTUGUES,CASTANHAL,LICENCIATURA,EXTENSIVO,NOTURNO,2
M,ERQ,497.71,1,Sim,Sim,Não,Sim,Sim,LETRAS PORTUGUES,CASTANHAL,LICENCIATURA,EXTENSIVO,NOTURNO,2
M,EPPI,664.93,3,Sim,Não,Não,Sim,Não,LETRAS PORTUGUES,CASTANHAL,LICENCIATURA,EXTENSIVO,NOTURNO,2
M,AC,690.67,10,Sim,Sim,Não,Não,Não,LETRAS PORTUGUES,CASTANHAL,LICENCIATURA,EXTENSIVO,NOTURNO,2
F,EPPI,662.20,4,Sim,Sim,Não,Sim,Não,LETRAS PORTUGUES,CASTANHAL,LICENCIATURA,EXTENSIVO,NOTURNO,2
F,EPPI,675.99,1,Sim,Não,Não,Sim,Não,LETRAS PORTUGUES,CASTANHAL,LICENCIATURA,EXTENSIVO,NOTURNO,2
F,ERPPI,576.93,8,Sim,Sim,Não,Sim,Não,LETRAS PORTUGUES,CASTANHAL,LICENCIATURA,EXTENSIVO,NOTURNO,2
M,AC,700.26,6,Sim,Sim,Não,Sim,Não,LETRAS PORTUGUES,CASTANHAL,LICENCIATURA,EXTENSIVO,NOTURNO,2
M,EPPI,635.05,6,Sim,Não,Não,Sim,Não,LETRAS PORTUGUES,CASTANHAL,LICENCIATURA,EXTENSIVO,NOTURNO,2
M,ERPPI,575.30,9,Sim,Sim,Não,Sim,Não,LETRAS PORTUGUES,CASTANHAL,LICENCIATURA,EXTENSIVO,NOTURNO,2
M,AC,681.34,14,Sim,Não,Não,Não,Não,LETRAS PORTUGUES,CASTANHAL,LICENCIATURA,EXTENSIVO,NOTURNO,2
M,EPPI,638.51,5,Sim,Sim,Não,Sim,Não,LETRAS PORTUGUES,CASTANHAL,LICENCIATURA,EXTENSIVO,NOTURNO,2
M,AC,686.44,12,Sim,Sim,Não,Sim,Não,LETRAS PORTUGUES,CASTANHAL,LICENCIATURA,EXTENSIVO,NOTURNO,2
M,AC,700.30,5,Sim,Não,Não,Não,Não,LETRAS PORTUGUES,CASTANHAL,LICENCIATURA,EXTENSIVO,NOTURNO,2
F,AC,692.78,8,Sim,Sim,Não,Não,Não,LETRAS PORTUGUES,CASTANHAL,LICENCIATURA,EXTENSIVO,NOTURNO,2
F,ERPPI,595.52,4,Sim,Sim,Não,Sim,Não,LETRAS PORTUGUES,CASTANHAL,LICENCIATURA,EXTENSIVO,NOTURNO,2
M,ERPPI,615.58,2,Sim,Sim,Não,Sim,Não,LETRAS PORTUGUES,CASTANHAL,LICENCIATURA,EXTENSIVO,NOTURNO,2
M,AC,705.61,3,Não,Não,Não,Não,Não,LETRAS PORTUGUES,CASTANHAL,LICENCIATURA,EXTENSIVO,NOTURNO,2
F,E,552.66,5,Sim,Não,Não,Não,Não,LETRAS ESPANHOL,CASTANHAL MARAPANIM,LICENCIATURA,INTENSIVO,INTEGRAL,2
F,AC,560.14,16,Sim,Sim,Não,Não,Não,LETRAS ESPANHOL,CASTANHAL MARAPANIM,LICENCIATURA,INTENSIVO,INTEGRAL,2
F,AC,607.35,8,Sim,Sim,Não,Não,Não,LETRAS ESPANHOL,CASTANHAL MARAPANIM,LICENCIATURA,INTENSIVO,INTEGRAL,2
F,AC,628.39,3,Sim,Sim,Não,Sim,Não,LETRAS ESPANHOL,CASTANHAL MARAPANIM,LICENCIATURA,INTENSIVO,INTEGRAL,2
M,AC,588.92,10,Sim,Sim,Não,Sim,Não,LETRAS ESPANHOL,CASTANHAL MARAPANIM,LICENCIATURA,INTENSIVO,INTEGRAL,2
F,AC,667.74,1,Sim,Sim,Não,Não,Não,LETRAS ESPANHOL,CASTANHAL MARAPANIM,LICENCIATURA,INTENSIVO,INTEGRAL,2
M,PCDA,510.14,1,Sim,Sim,Sim,Sim,Não,LETRAS ESPANHOL,CASTANHAL MARAPANIM,LICENCIATURA,INTENSIVO,INTEGRAL,2
M,AC,584.28,12,Sim,Não,Não,Não,Não,LETRAS ESPANHOL,CASTANHAL MARAPANIM,LICENCIATURA,INTENSIVO,INTEGRAL,2
M,EPPI,530.55,3,Sim,Sim,Não,Sim,Não,LETRAS ESPANHOL,CASTANHAL MARAPANIM,LICENCIATURA,INTENSIVO,INTEGRAL,2
F,EPPI,548.28,2,Sim,Sim,Não,Sim,Não,LETRAS ESPANHOL,CASTANHAL MARAPANIM,LICENCIATURA,INTENSIVO,INTEGRAL,2
F,AC,618.42,5,Sim,Não,Não,Sim,Não,LETRAS ESPANHOL,CASTANHAL MARAPANIM,LICENCIATURA,INTENSIVO,INTEGRAL,2
M,AC,619.76,4,Sim,Não,Não,Não,Não,LETRAS ESPANHOL,CASTANHAL MARAPANIM,LICENCIATURA,INTENSIVO,INTEGRAL,2
F,E,504.35,7,Sim,Não,Não,Não,Não,LETRAS ESPANHOL,CASTANHAL MARAPANIM,LICENCIATURA,INTENSIVO,INTEGRAL,2
M,AC,556.18,17,Sim,Sim,Não,Não,Não,LETRAS ESPANHOL,CASTANHAL MARAPANIM,LICENCIATURA,INTENSIVO,INTEGRAL,2
F,ER,516.43,4,Sim,Sim,Não,Não,Não,LETRAS ESPANHOL,CASTANHAL MARAPANIM,LICENCIATURA,INTENSIVO,INTEGRAL,2
F,ER,518.94,2,Sim,Sim,Não,Não,Não,LETRAS ESPANHOL,CASTANHAL MARAPANIM,LICENCIATURA,INTENSIVO,INTEGRAL,2
F,AC,566.17,15,Sim,Não,Não,Sim,Não,LETRAS ESPANHOL,CASTANHAL MARAPANIM,LICENCIATURA,INTENSIVO,INTEGRAL,2
F,AC,608.17,7,Sim,Não,Não,Não,Não,LETRAS ESPANHOL,CASTANHAL MARAPANIM,LICENCIATURA,INTENSIVO,INTEGRAL,2
F,AC,584.74,11,Sim,Não,Não,Não,Não,LETRAS ESPANHOL,CASTANHAL MARAPANIM,LICENCIATURA,INTENSIVO,INTEGRAL,2
F,ER,534.23,1,Sim,Sim,Não,Não,Não,LETRAS ESPANHOL,CASTANHAL MARAPANIM,LICENCIATURA,INTENSIVO,INTEGRAL,2
F,ER,521.20,1,Sim,Sim,Não,Não,Não,LETRAS ESPANHOL,CASTANHAL MARAPANIM,LICENCIATURA,INTENSIVO,INTEGRAL,2
F,E,555.61,1,Sim,Sim,Não,Não,Não,LETRAS ESPANHOL,CASTANHAL MARAPANIM,LICENCIATURA,INTENSIVO,INTEGRAL,2
F,AC,632.17,2,Sim,Não,Não,Não,Não,LETRAS ESPANHOL,CASTANHAL MARAPANIM,LICENCIATURA,INTENSIVO,INTEGRAL,2
F,AC,575.19,13,Sim,Sim,Não,Não,Não,LETRAS ESPANHOL,CASTANHAL MARAPANIM,LICENCIATURA,INTENSIVO,INTEGRAL,2
M,AC,593.80,9,Sim,Sim,Não,Não,Não,LETRAS ESPANHOL,CASTANHAL MARAPANIM,LICENCIATURA,INTENSIVO,INTEGRAL,2
M,E,546.74,6,Sim,Não,Não,Não,Não,LETRAS ESPANHOL,CASTANHAL MARAPANIM,LICENCIATURA,INTENSIVO,INTEGRAL,2
F,AC,616.66,6,Sim,Sim,Não,Não,Não,LETRAS ESPANHOL,CASTANHAL MARAPANIM,LICENCIATURA,INTENSIVO,INTEGRAL,2
F,AC,574.79,14,Sim,Sim,Não,Sim,Não,LETRAS ESPANHOL,CASTANHAL MARAPANIM,LICENCIATURA,INTENSIVO,INTEGRAL,2
F,ER,518.63,3,Sim,Sim,Não,Não,Não,LETRAS ESPANHOL,CASTANHAL MARAPANIM,LICENCIATURA,INTENSIVO,INTEGRAL,2
F,EPPI,555.17,1,Sim,Sim,Não,Sim,Não,LETRAS ESPANHOL,CASTANHAL MARAPANIM,LICENCIATURA,INTENSIVO,INTEGRAL,2
M,ERPPI,659.89,3,Sim,Sim,Não,Sim,Não,ENGENHARIA DA COMPUTACAO,CASTANHAL,BACHARELADO,EXTENSIVO,MATUTINO,2
M,AC,757.97,9,Sim,Não,Não,Não,Não,ENGENHARIA DA COMPUTACAO,CASTANHAL,BACHARELADO,EXTENSIVO,MATUTINO,2
M,ERPPI,665.30,1,Sim,Sim,Não,Sim,Não,ENGENHARIA DA COMPUTACAO,CASTANHAL,BACHARELADO,EXTENSIVO,MATUTINO,2
M,AC,788.57,3,Não,Não,Não,Não,Não,ENGENHARIA DA COMPUTACAO,CASTANHAL,BACHARELADO,EXTENSIVO,MATUTINO,2
M,EPPI,719.49,2,Sim,Sim,Não,Sim,Não,ENGENHARIA DA COMPUTACAO,CASTANHAL,BACHARELADO,EXTENSIVO,MATUTINO,2
M,ERPPI,636.28,6,Sim,Sim,Não,Sim,Não,ENGENHARIA DA COMPUTACAO,CASTANHAL,BACHARELADO,EXTENSIVO,MATUTINO,2
M,E,739.68,1,Sim,Sim,Não,Não,Não,ENGENHARIA DA COMPUTACAO,CASTANHAL,BACHARELADO,EXTENSIVO,MATUTINO,2
M,AC,825.04,2,Não,Não,Sim,Não,Não,ENGENHARIA DA COMPUTACAO,CASTANHAL,BACHARELADO,EXTENSIVO,MATUTINO,2
M,AC,775.74,7,Não,Não,Não,Não,Não,ENGENHARIA DA COMPUTACAO,CASTANHAL,BACHARELADO,EXTENSIVO,MATUTINO,2
M,ERPPI,615.56,7,Sim,Sim,Não,Sim,Não,ENGENHARIA DA COMPUTACAO,CASTANHAL,BACHARELADO,EXTENSIVO,MATUTINO,2
M,ERPPI,611.29,1,Sim,Sim,Não,Sim,Não,ENGENHARIA DA COMPUTACAO,CASTANHAL,BACHARELADO,EXTENSIVO,MATUTINO,2
M,EPPI,701.69,3,Sim,Sim,Não,Sim,Não,ENGENHARIA DA COMPUTACAO,CASTANHAL,BACHARELADO,EXTENSIVO,MATUTINO,2
M,ERQ,581.97,1,Sim,Sim,Não,Sim,Sim,ENGENHARIA DA COMPUTACAO,CASTANHAL,BACHARELADO,EXTENSIVO,MATUTINO,2
M,EPPI,692.91,4,Sim,Sim,Não,Sim,Não,ENGENHARIA DA COMPUTACAO,CASTANHAL,BACHARELADO,EXTENSIVO,MATUTINO,2
M,EPPI,683.87,6,Sim,Sim,Não,Sim,Não,ENGENHARIA DA COMPUTACAO,CASTANHAL,BACHARELADO,EXTENSIVO,MATUTINO,2
M,AC,754.86,10,Sim,Não,Não,Não,Não,ENGENHARIA DA COMPUTACAO,CASTANHAL,BACHARELADO,EXTENSIVO,MATUTINO,2
M,AC,778.91,6,Não,Não,Não,Não,Não,ENGENHARIA DA COMPUTACAO,CASTANHAL,BACHARELADO,EXTENSIVO,MATUTINO,2
M,ERPPI,656.55,4,Sim,Sim,Não,Sim,Não,ENGENHARIA DA COMPUTACAO,CASTANHAL,BACHARELADO,EXTENSIVO,MATUTINO,2
M,ER,732.23,1,Sim,Sim,Não,Não,Não,ENGENHARIA DA COMPUTACAO,CASTANHAL,BACHARELADO,EXTENSIVO,MATUTINO,2
M,PCDA,685.37,1,Sim,Não,Sim,Não,Não,ENGENHARIA DA COMPUTACAO,CASTANHAL,BACHARELADO,EXTENSIVO,MATUTINO,2
M,AC,750.51,11,Não,Não,Não,Não,Não,ENGENHARIA DA COMPUTACAO,CASTANHAL,BACHARELADO,EXTENSIVO,MATUTINO,2
M,AC,779.55,5,Não,Não,Não,Não,Não,ENGENHARIA DA COMPUTACAO,CASTANHAL,BACHARELADO,EXTENSIVO,MATUTINO,2
M,AC,767.23,8,Não,Não,Não,Não,Não,ENGENHARIA DA COMPUTACAO,CASTANHAL,BACHARELADO,EXTENSIVO,MATUTINO,2
M,ERPPI,641.06,5,Sim,Sim,Não,Sim,Não,ENGENHARIA DA COMPUTACAO,CASTANHAL,BACHARELADO,EXTENSIVO,MATUTINO,2
F,EPPI,733.92,1,Sim,Sim,Não,Sim,Não,ENGENHARIA DA COMPUTACAO,CASTANHAL,BACHARELADO,EXTENSIVO,MATUTINO,2
M,AC,747.54,12,Sim,Não,Não,Não,Não,ENGENHARIA DA COMPUTACAO,CASTANHAL,BACHARELADO,EXTENSIVO,MATUTINO,2
M,EPCD,524.81,1,Sim,Sim,Sim,Não,Não,ENGENHARIA DA COMPUTACAO,CASTANHAL,BACHARELADO,EXTENSIVO,MATUTINO,2
F,AC,835.34,1,Não,Não,Não,Não,Não,ENGENHARIA DA COMPUTACAO,CASTANHAL,BACHARELADO,EXTENSIVO,MATUTINO,2
F,EPPI,686.88,5,Sim,Não,Não,Sim,Não,ENGENHARIA DA COMPUTACAO,CASTANHAL,BACHARELADO,EXTENSIVO,MATUTINO,2
M,ERPPI,664.60,2,Sim,Sim,Não,Sim,Não,ENGENHARIA DA COMPUTACAO,CASTANHAL,BACHARELADO,EXTENSIVO,MATUTINO,2
M,AC,786.98,4,Sim,Não,Não,Sim,Não,ENGENHARIA DA COMPUTACAO,CASTANHAL,BACHARELADO,EXTENSIVO,MATUTINO,2
F,AC,680.86,30,Não,Não,Não,Não,Não,EDUCACAO FISICA,CASTANHAL,LICENCIATURA,EXTENSIVO,INTEGRAL,1/2
F,AC,677.38,34,Sim,Sim,Não,Sim,Não,EDUCACAO FISICA,CASTANHAL,LICENCIATURA,EXTENSIVO,INTEGRAL,1/2
F,ERPPI,613.14,1,Sim,Sim,Não,Sim,Não,EDUCACAO FISICA,CASTANHAL,LICENCIATURA,EXTENSIVO,INTEGRAL,1/2
F,AC,686.58,24,Sim,Sim,Não,Sim,Não,EDUCACAO FISICA,CASTANHAL,LICENCIATURA,EXTENSIVO,INTEGRAL,1/2
M,AC,698.48,21,Sim,Não,Não,Não,Não,EDUCACAO FISICA,CASTANHAL,LICENCIATURA,EXTENSIVO,INTEGRAL,1/2
M,PCDA,639.58,1,Sim,Não,Sim,Não,Não,EDUCACAO FISICA,CASTANHAL,LICENCIATURA,EXTENSIVO,INTEGRAL,1/2
M,ERPPI,600.89,13,Sim,Sim,Não,Sim,Não,EDUCACAO FISICA,CASTANHAL,LICENCIATURA,EXTENSIVO,INTEGRAL,1/2
M,AC,673.44,37,Não,Não,Não,Não,Não,EDUCACAO FISICA,CASTANHAL,LICENCIATURA,EXTENSIVO,INTEGRAL,1/2
F,EPPI,625.94,13,Sim,Não,Não,Sim,Não,EDUCACAO FISICA,CASTANHAL,LICENCIATURA,EXTENSIVO,INTEGRAL,1/2
M,E,672.30,1,Sim,Não,Não,Não,Não,EDUCACAO FISICA,CASTANHAL,LICENCIATURA,EXTENSIVO,INTEGRAL,1/2
M,ERPPI,601.26,11,Sim,Sim,Não,Sim,Sim,EDUCACAO FISICA,CASTANHAL,LICENCIATURA,EXTENSIVO,INTEGRAL,1/2
F,EPPI,650.34,4,Sim,Sim,Não,Sim,Não,EDUCACAO FISICA,CASTANHAL,LICENCIATURA,EXTENSIVO,INTEGRAL,1/2
M,EPPI,618.18,17,Sim,Sim,Não,Sim,Não,EDUCACAO FISICA,CASTANHAL,LICENCIATURA,EXTENSIVO,INTEGRAL,1/2
F,AC,703.05,19,Não,Não,Não,Não,Não,EDUCACAO FISICA,CASTANHAL,LICENCIATURA,EXTENSIVO,INTEGRAL,1/2
M,AC,733.46,7,Não,Não,Não,Não,Não,EDUCACAO FISICA,CASTANHAL,LICENCIATURA,EXTENSIVO,INTEGRAL,1/2
M,AC,731.04,8,Não,Não,Não,Não,Não,EDUCACAO FISICA,CASTANHAL,LICENCIATURA,EXTENSIVO,INTEGRAL,1/2
M,EPPI,667.66,1,Sim,Não,Não,Sim,Não,EDUCACAO FISICA,CASTANHAL,LICENCIATURA,EXTENSIVO,INTEGRAL,1/2
M,ERPPI,604.63,7,Sim,Sim,Não,Sim,Não,EDUCACAO FISICA,CASTANHAL,LICENCIATURA,EXTENSIVO,INTEGRAL,1/2
F,AC,672.80,38,Não,Não,Não,Não,Não,EDUCACAO FISICA,CASTANHAL,LICENCIATURA,EXTENSIVO,INTEGRAL,1/2
M,AC,679.73,31,Sim,Não,Não,Sim,Não,EDUCACAO FISICA,CASTANHAL,LICENCIATURA,EXTENSIVO,INTEGRAL,1/2
F,EPPI,622.53,16,Sim,Não,Não,Sim,Não,EDUCACAO FISICA,CASTANHAL,LICENCIATURA,EXTENSIVO,INTEGRAL,1/2
F,ERPPI,603.79,9,Sim,Sim,Não,Sim,Não,EDUCACAO FISICA,CASTANHAL,LICENCIATURA,EXTENSIVO,INTEGRAL,1/2
M,AC,723.65,11,Não,Não,Não,Não,Não,EDUCACAO FISICA,CASTANHAL,LICENCIATURA,EXTENSIVO,INTEGRAL,1/2
F,ERPPI,585.90,2,Sim,Sim,Não,Sim,Não,EDUCACAO FISICA,CASTANHAL,LICENCIATURA,EXTENSIVO,INTEGRAL,1/2
F,ERPPI,595.76,16,Sim,Sim,Não,Sim,Não,EDUCACAO FISICA,CASTANHAL,LICENCIATURA,EXTENSIVO,INTEGRAL,1/2
M,ERPPI,610.92,2,Sim,Sim,Não,Sim,Não,EDUCACAO FISICA,CASTANHAL,LICENCIATURA,EXTENSIVO,INTEGRAL,1/2
F,EPPI,624.62,14,Sim,Não,Não,Sim,Sim,EDUCACAO FISICA,CASTANHAL,LICENCIATURA,EXTENSIVO,INTEGRAL,1/2
F,ERPPI,594.02,1,Sim,Sim,Não,Sim,Não,EDUCACAO FISICA,CASTANHAL,LICENCIATURA,EXTENSIVO,INTEGRAL,1/2
M,AC,674.37,36,Não,Não,Não,Não,Não,EDUCACAO FISICA,CASTANHAL,LICENCIATURA,EXTENSIVO,INTEGRAL,1/2
M,AC,681.25,29,Não,Não,Não,Não,Não,EDUCACAO FISICA,CASTANHAL,LICENCIATURA,EXTENSIVO,INTEGRAL,1/2
M,EPPI,650.12,5,Sim,Sim,Não,Sim,Não,EDUCACAO FISICA,CASTANHAL,LICENCIATURA,EXTENSIVO,INTEGRAL,1/2
F,AC,674.76,35,Sim,Sim,Não,Não,Não,EDUCACAO FISICA,CASTANHAL,LICENCIATURA,EXTENSIVO,INTEGRAL,1/2
M,AC,700.30,20,Não,Não,Não,Não,Não,EDUCACAO FISICA,CASTANHAL,LICENCIATURA,EXTENSIVO,INTEGRAL,1/2
F,AC,691.68,23,Sim,Sim,Não,Sim,Não,EDUCACAO FISICA,CASTANHAL,LICENCIATURA,EXTENSIVO,INTEGRAL,1/2
M,AC,795.87,2,Sim,Sim,Não,Sim,Não,EDUCACAO FISICA,CASTANHAL,LICENCIATURA,EXTENSIVO,INTEGRAL,1/2
M,EPPI,623.02,15,Sim,Não,Não,Sim,Não,EDUCACAO FISICA,CASTANHAL,LICENCIATURA,EXTENSIVO,INTEGRAL,1/2
M,AC,685.06,26,Sim,Não,Não,Não,Não,EDUCACAO FISICA,CASTANHAL,LICENCIATURA,EXTENSIVO,INTEGRAL,1/2
F,EPPI,643.79,6,Sim,Sim,Não,Sim,Não,EDUCACAO FISICA,CASTANHAL,LICENCIATURA,EXTENSIVO,INTEGRAL,1/2
F,AC,704.04,17,Sim,Sim,Não,Não,Não,EDUCACAO FISICA,CASTANHAL,LICENCIATURA,EXTENSIVO,INTEGRAL,1/2
M,ERPPI,605.75,6,Sim,Sim,Não,Sim,Não,EDUCACAO FISICA,CASTANHAL,LICENCIATURA,EXTENSIVO,INTEGRAL,1/2
M,AC,736.67,5,Não,Não,Não,Não,Não,EDUCACAO FISICA,CASTANHAL,LICENCIATURA,EXTENSIVO,INTEGRAL,1/2
M,ERPPI,601.28,10,Sim,Sim,Não,Sim,Não,EDUCACAO FISICA,CASTANHAL,LICENCIATURA,EXTENSIVO,INTEGRAL,1/2
M,AC,725.19,10,Não,Não,Não,Não,Não,EDUCACAO FISICA,CASTANHAL,LICENCIATURA,EXTENSIVO,INTEGRAL,1/2
F,ERPPI,590.52,2,Sim,Sim,Não,Sim,Não,EDUCACAO FISICA,CASTANHAL,LICENCIATURA,EXTENSIVO,INTEGRAL,1/2
F,ERPPI,607.55,5,Sim,Sim,Não,Sim,Não,EDUCACAO FISICA,CASTANHAL,LICENCIATURA,EXTENSIVO,INTEGRAL,1/2
M,AC,682.75,28,Sim,Sim,Não,Não,Não,EDUCACAO FISICA,CASTANHAL,LICENCIATURA,EXTENSIVO,INTEGRAL,1/2
M,EPPI,638.26,9,Sim,Não,Não,Sim,Não,EDUCACAO FISICA,CASTANHAL,LICENCIATURA,EXTENSIVO,INTEGRAL,1/2
M,AC,693.95,22,Sim,Sim,Não,Não,Não,EDUCACAO FISICA,CASTANHAL,LICENCIATURA,EXTENSIVO,INTEGRAL,1/2
M,AC,677.73,33,Sim,Não,Não,Não,Não,EDUCACAO FISICA,CASTANHAL,LICENCIATURA,EXTENSIVO,INTEGRAL,1/2
F,EPPI,631.73,11,Sim,Não,Não,Sim,Não,EDUCACAO FISICA,CASTANHAL,LICENCIATURA,EXTENSIVO,INTEGRAL,1/2
F,AC,728.13,9,Sim,Não,Não,Não,Não,EDUCACAO FISICA,CASTANHAL,LICENCIATURA,EXTENSIVO,INTEGRAL,1/2
F,ERPPI,589.45,1,Sim,Sim,Não,Sim,Não,EDUCACAO FISICA,CASTANHAL,LICENCIATURA,EXTENSIVO,INTEGRAL,1/2
F,ERPPI,610.76,4,Sim,Sim,Não,Sim,Não,EDUCACAO FISICA,CASTANHAL,LICENCIATURA,EXTENSIVO,INTEGRAL,1/2
F,EPPI,638.64,8,Sim,Sim,Não,Sim,Não,EDUCACAO FISICA,CASTANHAL,LICENCIATURA,EXTENSIVO,INTEGRAL,1/2
M,AC,713.61,15,Sim,Sim,Não,Sim,Não,EDUCACAO FISICA,CASTANHAL,LICENCIATURA,EXTENSIVO,INTEGRAL,1/2
M,EPPI,631.03,12,Sim,Não,Não,Sim,Não,EDUCACAO FISICA,CASTANHAL,LICENCIATURA,EXTENSIVO,INTEGRAL,1/2
M,EPPI,640.09,7,Sim,Não,Não,Sim,Não,EDUCACAO FISICA,CASTANHAL,LICENCIATURA,EXTENSIVO,INTEGRAL,1/2
F,ERQ,620.73,1,Sim,Sim,Não,Não,Sim,EDUCACAO FISICA,CASTANHAL,LICENCIATURA,EXTENSIVO,INTEGRAL,1/2
F,ERPPI,601.19,12,Sim,Sim,Não,Sim,Não,EDUCACAO FISICA,CASTANHAL,LICENCIATURA,EXTENSIVO,INTEGRAL,1/2
M,AC,715.15,14,Não,Não,Não,Não,Não,EDUCACAO FISICA,CASTANHAL,LICENCIATURA,EXTENSIVO,INTEGRAL,1/2
F,ERPPI,594.42,17,Sim,Sim,Não,Sim,Não,EDUCACAO FISICA,CASTANHAL,LICENCIATURA,EXTENSIVO,INTEGRAL,1/2
F,ER,670.67,1,Sim,Sim,Não,Não,Não,EDUCACAO FISICA,CASTANHAL,LICENCIATURA,EXTENSIVO,INTEGRAL,1/2
M,AC,805.11,1,Sim,Não,Não,Não,Não,EDUCACAO FISICA,CASTANHAL,LICENCIATURA,EXTENSIVO,INTEGRAL,1/2
F,ERPPI,604.45,8,Sim,Sim,Não,Sim,Não,EDUCACAO FISICA,CASTANHAL,LICENCIATURA,EXTENSIVO,INTEGRAL,1/2
M,ERPPI,610.83,3,Sim,Sim,Não,Sim,Não,EDUCACAO FISICA,CASTANHAL,LICENCIATURA,EXTENSIVO,INTEGRAL,1/2
F,AC,679.49,32,Sim,Sim,Não,Sim,Não,EDUCACAO FISICA,CASTANHAL,LICENCIATURA,EXTENSIVO,INTEGRAL,1/2
F,EPPI,632.76,10,Sim,Sim,Não,Sim,Não,EDUCACAO FISICA,CASTANHAL,LICENCIATURA,EXTENSIVO,INTEGRAL,1/2
F,AC,704.02,18,Não,Não,Não,Não,Não,EDUCACAO FISICA,CASTANHAL,LICENCIATURA,EXTENSIVO,INTEGRAL,1/2
M,AC,684.42,27,Sim,Sim,Não,Não,Não,EDUCACAO FISICA,CASTANHAL,LICENCIATURA,EXTENSIVO,INTEGRAL,1/2
M,ERPPI,596.42,14,Sim,Sim,Não,Sim,Não,EDUCACAO FISICA,CASTANHAL,LICENCIATURA,EXTENSIVO,INTEGRAL,1/2
M,EPPI,655.14,2,Sim,Sim,Não,Sim,Não,EDUCACAO FISICA,CASTANHAL,LICENCIATURA,EXTENSIVO,INTEGRAL,1/2
M,AC,762.12,4,Sim,Não,Não,Não,Não,EDUCACAO FISICA,CASTANHAL,LICENCIATURA,EXTENSIVO,INTEGRAL,1/2
M,AC,736.58,6,Não,Não,Não,Não,Não,EDUCACAO FISICA,CASTANHAL,LICENCIATURA,EXTENSIVO,INTEGRAL,1/2
M,AC,722.50,13,Sim,Não,Não,Não,Não,EDUCACAO FISICA,CASTANHAL,LICENCIATURA,EXTENSIVO,INTEGRAL,1/2
F,AC,723.34,12,Sim,Não,Não,Não,Não,EDUCACAO FISICA,CASTANHAL,LICENCIATURA,EXTENSIVO,INTEGRAL,1/2
M,AC,770.35,3,Sim,Não,Não,Não,Não,EDUCACAO FISICA,CASTANHAL,LICENCIATURA,EXTENSIVO,INTEGRAL,1/2
M,AC,710.86,16,Não,Não,Não,Não,Não,EDUCACAO FISICA,CASTANHAL,LICENCIATURA,EXTENSIVO,INTEGRAL,1/2
F,AC,685.41,25,Sim,Sim,Não,Não,Não,EDUCACAO FISICA,CASTANHAL,LICENCIATURA,EXTENSIVO,INTEGRAL,1/2
F,ERPPI,595.96,15,Sim,Sim,Não,Sim,Não,EDUCACAO FISICA,CASTANHAL,LICENCIATURA,EXTENSIVO,INTEGRAL,1/2
M,AC,672.69,39,Sim,Não,Não,Sim,Não,EDUCACAO FISICA,CASTANHAL,LICENCIATURA,EXTENSIVO,INTEGRAL,1/2
M,EPPI,650.45,3,Sim,Sim,Não,Sim,Não,EDUCACAO FISICA,CASTANHAL,LICENCIATURA,EXTENSIVO,INTEGRAL,1/2